x0,x1,x2,x3,x4,x5,x6,batch_id,cand_index,role,pred_log_fom,pred_rank_in_batch,ckpt_step,fom,fom_error,fom_seconds
2.4249542137778652,128.15029306691594,7.829814079569202,5.64154641503471,5.3700624905936785,123.43714796378337,125.99960484264837,0,-1,centre,71.8943142407346,-1,2500,1.6851348427824277e+31,,
4.587903127343893,139.15029306691594,7.1118676936766,7.873123240001078,7.363944057082632,127.67289414704412,125.03998734452558,0,0,candidate,72.7020121256837,16,2500,3.676020966179997e+31,,
3.9759187848658106,129.584825503171,7.849003211380686,6.7352714876635105,5.4057627919804085,117.74606068896746,126.25438598631771,0,1,candidate,72.2477488618113,7,2500,1.9997036399242968e+31,,
4.074067991123679,123.3605347053495,7.488135957841614,4.886524216053954,4.4591134674031245,116.86762426347266,129.59643073287612,0,2,candidate,72.06113793160932,3,2500,2.3535198528791884e+31,,
2.3585403050265534,128.3999904913508,6.741205956034991,5.7562850026923895,4.919747460517299,126.9097512584813,114.99960484264837,0,3,candidate,72.52795356742132,12,2500,2.508773530012263e+31,,
2.2596934599491396,125.70887747295855,7.780116349798792,5.968924950537228,5.772373366217815,122.82301180343894,120.61354362638895,0,4,candidate,71.9835345725978,1,2500,1.5865548268219374e+31,,
5.412514109943695,133.1597591871023,7.964074351056981,6.939371891430796,5.86645203448931,118.99963590865124,125.4229477052175,0,5,candidate,72.5725934055109,14,2500,2.5649144947805126e+31,,15.505160499946214
12.424954213777866,133.7642583421046,8.322347651017282,4.7098204181520344,5.0006892763635395,129.27446847697232,127.17751423533043,0,6,candidate,72.1991638074851,6,2500,2.125902499197204e+31,,13.423046000069007
2.8266454971318993,130.88342726525903,8.628063140453518,4.280985081936564,4.6208334496183445,116.9926799173544,126.65846548693327,0,7,candidate,72.26074725041957,8,2500,2.439303261112087e+31,,13.813040199922398
12.424954213777866,117.15029306691594,6.429814079569201,9.04154641503471,8.770062490593679,133.4428216461715,124.2705166479689,0,8,candidate,72.785200058844,17,2500,3.133544618736345e+31,,14.436353099998087
7.103818133121807,134.50473931619257,7.403507879408465,5.744306311041773,4.952159394618253,124.78155249783477,123.28314391329218,0,9,candidate,72.56435887355148,13,2500,2.253746706206819e+31,,13.391580200055614
3.756403131271741,126.89769276231875,8.304846792135534,7.0223419125025925,8.005539172059168,122.14486089527395,125.81997190431248,0,10,candidate,71.77739590211408,0,2500,1.5386729806304814e+31,,13.921049500000663
3.644184166156101,128.33327603237674,8.577268289781356,5.492976644085222,5.4549109133026965,125.0522905630123,131.3597065520042,0,11,candidate,72.18526909537256,5,2500,2.1048144325297338e+31,,14.050930400029756
1.616581541992061,117.15029306691594,7.675999100672349,7.779521914625274,6.688070930121515,112.43714796378337,114.99960484264837,0,12,candidate,72.39910756001333,11,2500,3.93730925566728e+31,,14.300880199996755
3.731944829864368,126.9892010023026,7.368720494561371,7.9994617268343235,6.691248853941566,134.4371479637834,121.3982375477681,0,13,candidate,72.6861224137819,15,2500,2.8579611553271596e+31,,13.678884500055574
12.424954213777866,124.26247280654708,7.226301983991805,7.279408900777342,7.826264681724409,124.99242784497325,127.86790037759108,0,14,candidate,72.0350261638734,2,2500,1.7164089022039717e+31,,13.81667109997943
9.816902019239265,122.77158260354662,7.750887763547685,5.949967823974556,5.167780586432251,121.53897029817047,130.89906723971342,0,15,candidate,72.15020455501069,4,2500,1.9387711953953684e+31,,14.083789399941452
6.5896115207079085,127.57207050716563,6.429814079569201,5.711296409873809,5.334248522323261,116.22503350355659,128.24434926011665,0,16,candidate,72.38451143168645,10,2500,2.567457318226519e+31,,13.780547100002877
5.139233165394402,133.87725992618303,7.889426333078529,7.679433244433154,8.315839522723236,129.12994376256242,125.54001395886979,0,17,candidate,72.28925274473548,9,2500,2.308802649941875e+31,,14.071723700035363
15.765299822564074,124.89658038869291,9.009924684450956,9.180888689541419,9.691246859828707,127.3804095108794,125.94018863804433,1,-1,centre,71.97734977351381,-1,2500,1.837875783299288e+31,,14.237608700059354
7.535134204388136,129.01043347589848,9.905512647523114,12.58088868954142,10.641567930044749,131.15316298991243,127.91138134217098,1,0,candidate,72.34192663325666,10,2500,2.355813477558598e+31,,13.925872699939646
9.786623205897587,127.61275840206903,8.428032346835142,9.952440418347676,9.07825889109148,116.3804095108794,124.32904114572978,1,1,candidate,72.3173509879648,9,2500,1.987781640006843e+31,,14.126445100060664
17.312366762246068,119.8401490285653,7.609924684450956,12.58088868954142,10.71207499601153,124.3651893423667,134.8826621349892,1,2,candidate,72.76724382570619,24,2500,2.8530036321423295e+31,,14.140016099903733
22.798142838400455,132.72719858565648,7.727886228911622,9.633664381682392,8.480343662040134,133.2477306438345,121.54433242801451,1,3,candidate,72.44935324421142,14,2500,3.4536680092864525e+31,,14.068314099917188
5.765299822564074,122.55818562077883,8.980324947932534,12.496720576723089,10.399188905975462,123.50545831696384,125.44975190306293,1,4,candidate,72.55685438176343,16,2500,2.058595526956337e+31,,14.254810699960217
19.595419869009365,126.6806331839706,7.609924684450956,8.956001864976075,9.20810676754557,131.67655022110063,132.9099022063979,1,5,candidate,72.18783249294704,4,2500,2.1186088151747642e+31,,13.694135199999437
25.631716856629502,125.95832020173545,7.609924684450956,9.271032331223552,8.47052666686351,122.0183961045099,130.9549508980631,1,6,candidate,72.01909278283526,3,2500,1.893243893565977e+31,,13.68883110000752
13.246170841679444,129.06350479063488,9.08213204046875,9.344537954053607,10.578988907808995,116.3804095108794,124.08883275399725,1,7,candidate,73.08015339404692,28,2500,2.279443283277376e+31,,14.161646299995482
5.765299822564074,121.97517460302748,8.853037045539015,10.612086099382996,10.929703702385178,123.29556251840631,136.94018863804433,1,8,candidate,72.65042952444881,21,2500,3.0133502731086384e+31,,13.865258499979973
21.341096039069853,115.71131185607531,9.111007439008164,7.608323927150866,6.291246859828707,129.32577196069175,122.9887263998372,1,9,candidate,72.49832375179739,15,2500,3.145747580271704e+31,,22.116834299988113
13.75063097894428,135.8965803886929,8.625763168129076,9.639945025718925,10.711796805713279,134.22347986136035,122.6961381434534,1,10,candidate,73.2207937283053,30,2500,3.2655432345933345e+31,,25.321474700002
11.203036970740131,125.84401414888426,9.407427029688309,12.58088868954142,10.475679272653164,137.72310937798662,127.20194175967181,1,11,candidate,72.26318054318853,7,2500,2.886512357054551e+31,,25.75582379999105
19.188682774825804,126.04552806096194,9.572843454424516,5.780888689541419,6.291246859828707,127.20348282019238,136.94018863804433,1,12,candidate,72.66715409708328,23,2500,2.874127620534508e+31,,25.190211900044233
12.700243963903374,133.0540631678831,8.709540897407221,11.241514158502113,11.629849463806961,127.3681955703867,130.52917206044236,1,13,candidate,72.64012250492381,20,2500,2.540294062090071e+31,,25.23677229997702
13.127925917158397,127.78430730349731,8.9961491552471,8.657259233127677,8.841829837760294,125.34282710651541,125.18357636909518,1,14,candidate,71.7495050019445,0,2500,1.8701060811815827e+31,,25.345644399989396
11.79839401233945,135.8965803886929,8.005208134168784,8.67243010006016,8.7295185493006,128.636846092323,121.31894473267772,1,15,candidate,72.3701668182489,12,2500,3.2479787252448215e+31,,25.266504299943335
13.347659043392243,135.8965803886929,9.216981342740402,6.727516711329443,6.40701888892896,116.3804095108794,125.51418038661072,1,16,candidate,73.10323178974654,29,2500,4.241995373382803e+31,,25.13038369989954
19.767382510694517,123.58905988849294,9.21444841780209,9.146662815444339,8.420276016037253,136.9981810133672,119.62319827386469,1,17,candidate,72.59037117641715,19,2500,2.458762660707305e+31,,25.612949599977583
13.53847944411036,122.20791866236313,8.710925704511915,8.547310381534153,9.309079464235536,116.3804095108794,120.64121038357123,1,18,candidate,72.78817717116493,25,2500,2.36412675627524e+31,,18.836290500010364
13.968023078422547,119.22933186688664,9.253301609512286,8.869952776253005,9.772925092474368,134.10563695246447,114.94018863804433,1,19,candidate,72.5760706141048,18,2500,3.0108522099234285e+31,,14.583882000064477
12.77446462681215,130.29629351458794,9.229500745272537,6.661123070551246,6.40161137043753,123.49541317813414,131.92515910104794,1,20,candidate,72.29286125473301,8,2500,2.291202196759463e+31,,14.282270399970002
13.457973202904281,123.8474940459626,7.840478771283131,8.8595342062094,9.748102929803382,116.71521534014109,136.94018863804433,1,21,candidate,72.8453849323014,26,2500,4.163595952070129e+31,,13.679961599991657
5.765299822564074,120.0982398624557,8.704387851675754,11.350969854872009,9.92625902789219,118.76996553086205,125.22382704079652,1,22,candidate,72.42989841816211,13,2500,2.1499100044842884e+31,,14.771896000020206
12.656387765260824,122.4667724608044,9.315330664765765,10.835140243767766,9.757622131763593,130.44680917772612,122.78230726786526,1,23,candidate,72.18795956395485,5,2500,2.2628032256455967e+31,,14.057274599908851
6.045616537259992,128.05914549396084,7.609924684450956,9.721094853707681,8.726197024042442,125.2891683635151,124.64275644736456,1,24,candidate,71.80651742612106,1,2500,1.8566325639670492e+31,,13.984724799985997
11.451898746102792,125.79951698618827,9.975132702801725,9.197373240013983,9.261654824836178,120.8660488628835,136.94018863804433,1,25,candidate,73.01283181013616,27,2500,3.1855954856369396e+31,,14.154278800007887
19.337252077206724,130.75613293750726,9.445138580132426,12.12743416591483,10.926745969654707,131.2780961281032,136.94018863804433,1,26,candidate,72.36881065918293,11,2500,3.123103764558736e+31,,13.87130709993653
9.715377821074627,127.24289348117185,8.670618242107954,10.507267009628784,9.522375330541555,126.83997740760056,131.8515783453257,1,27,candidate,72.23458015084738,6,2500,1.8379791493238827e+31,,14.339273800025694
16.382640816970383,135.41889050091754,9.93617236453727,12.58088868954142,13.091246859828708,128.38008081684464,128.28724865125,1,28,candidate,72.56883005303605,17,2500,2.538846118899175e+31,,14.196325699915178
18.75751052942979,116.50184166197029,8.976356644891,10.741222516344752,10.988135468690567,132.77377094092913,128.76886269930841,1,29,candidate,72.65589193905065,22,2500,2.609499122196175e+31,,13.964416800066829
22.160297495898895,126.01906486990569,8.462352570585137,9.71763152923647,9.696277394979864,121.83595770158463,131.0343183152803,1,30,candidate,71.9072367770854,2,2500,1.9362629666851275e+31,,14.354151400038972
8.916666876256464,125.79075738707863,8.210199876359274,9.394433467737244,7.6716609964741345,124.38084556080055,126.93965616114531,2,-1,centre,71.88634450581455,-1,2500,1.6543492840011024e+31,,13.821859800023958
18.916666876256464,118.05372544895543,8.36417497258818,11.311415446799653,9.782579725793436,115.40494225059065,128.4414147862318,2,0,candidate,72.3884481647537,5,2500,2.5087174010940444e+31,,14.046518000075594
7.161514691421882,128.8386649673063,7.184795176234374,8.709990463932428,9.074860480854225,130.25203646315688,130.34773981887548,2,1,candidate,71.91008479599886,0,2500,1.8480767485562477e+31,,20.463885099976324
8.972849001128528,125.00905107417321,9.165475529110203,9.936127961590184,11.071660996474135,123.94039909251973,137.02003786199452,2,2,candidate,72.50911544402796,11,2500,2.8261497200327846e+31,,25.7826095999917
0.7076907150571223,130.66906512894073,6.834750733859447,9.712799115692604,9.52633283314351,115.23854871957201,130.460245580494,2,3,candidate,72.39615181194263,7,2500,2.4859758828064787e+31,,25.059925799956545
6.71516538745127,136.79075738707863,8.592042021533684,9.434489870853895,7.6584859286828895,125.61681638099562,120.60989376535638,2,4,candidate,72.3935037937515,6,2500,3.4643456908378723e+31,,24.988278699922375
9.203516898096737,121.45537275833564,8.953788207618858,9.107424066508502,8.063311233635911,116.21861324726044,130.0113696738212,2,5,candidate,72.30228959976503,4,2500,1.841314744543449e+31,,25.665993300033733
11.778919821861184,131.39254172448597,6.810199876359274,8.678022657526162,7.016936299352178,135.38084556080054,125.8323683250732,2,6,candidate,72.67806693480156,15,2500,2.542555171872115e+31,,25.274351899977773
9.800797824941373,124.17845296855013,8.580500883724199,8.25115925426523,9.021192856824337,131.90267595558123,127.60953585967513,2,7,candidate,72.5469684142736,14,2500,2.0836086683563986e+31,,25.44832550000865
13.563619678314403,125.09253547720476,9.380014366708155,7.280250522683469,6.361338883984452,121.16707964033279,127.5197190432533,2,8,candidate,72.06496256934926,2,2500,1.6696017063030577e+31,,26.039370500016958
18.090532889550992,127.39227160339516,9.307447408917604,6.84056377099909,5.692488054415239,131.09819444858095,137.9396561611453,2,9,candidate,72.54144814772559,13,2500,3.022286988621698e+31,,25.010207899962552
8.268570274133014,131.85149850069737,7.733661041206187,8.895693861505732,8.248992409506798,134.29876178887744,115.93965616114531,2,10,candidate,73.16982969875903,21,2500,3.275027347777624e+31,,24.875275200000033
8.721973832410141,118.9598478635326,7.697186579068769,9.42983234026492,7.792845502358974,121.26966198572734,124.11999383483496,2,11,candidate,72.40342791605241,8,2500,2.2881427804158496e+31,,25.57592149998527
8.537071690689691,124.62113264895014,7.564995704733371,11.32035293195861,9.645806758648119,131.98087529722264,124.6755044383379,2,12,candidate,72.90844067796662,18,2500,2.4728514026792564e+31,,26.133292000042275
17.678068918598385,128.1987085592084,8.723144146074363,7.377547665302396,7.020467375030186,113.77976493142877,126.92003122982985,2,13,candidate,72.49568946435811,10,2500,2.917045825157169e+31,,25.55055279994849
10.372206041998028,122.51159900818523,7.960306528001692,7.839572861552677,7.934762753423259,135.38084556080054,125.746751742322,2,14,candidate,72.83988806805282,16,2500,3.488647395245382e+31,,24.943691699998453
16.07546596847251,123.92061581979414,6.810199876359274,7.711095415713064,8.714520073534345,124.00557045523155,130.7200821354508,2,15,candidate,72.01350560174704,1,2500,1.7965132725788082e+31,,24.771971400012262
10.356455175738416,125.91074990244341,8.313036578824711,9.320413963239352,7.747758681371046,130.90453681401127,115.93965616114531,2,16,candidate,72.9390405936729,19,2500,3.036508174844783e+31,,25.652738300035708
7.972366780384935,132.2000853625823,6.810199876359274,7.550654121177256,7.74535951972951,116.12266466241303,136.23684144500186,2,17,candidate,72.96821323407723,20,2500,3.190171436973957e+31,,25.058819700032473
1.7946482158316286,119.90681092514593,9.390534717520424,10.112683705215332,8.470942631613767,122.51636432722997,121.47111732073141,2,18,candidate,72.85402416901032,17,2500,1.9592711963635923e+31,,26.738733700010926
1.16068311248178,122.1955277751366,8.765743419332711,10.529906881010081,9.102818526214199,132.4916788402423,115.93965616114531,2,19,candidate,72.40374381839531,9,2500,2.976321100150485e+31,,26.45436079998035
1.9837889692616741,125.5592729088407,8.005615642094348,8.555542317592208,6.930618758765529,131.27152877450462,115.93965616114531,2,20,candidate,72.52673894084538,12,2500,3.6424043476540233e+31,,25.647371500032023
1.0760700887316386,126.7071534454732,7.712690905862513,9.36515451273339,11.045527131494705,113.38084556080055,127.03633796955847,2,21,candidate,72.29504572733867,3,2500,2.7588624527719843e+31,,25.49684699997306
3.8913229078349976,127.96568164715457,4.740762106341265,6.307637351497154,6.401843567668755,125.0493953809896,123.80185008527806,3,-1,centre,71.82283863328966,-1,2500,1.4894091965209822e+31,,25.217772700008936
3.670286048073663,135.0132193607334,3.3407621063412645,8.909645925826137,9.801843567668755,121.0702153136047,118.14310302457874,3,0,candidate,72.30111514363756,6,2500,2.146874566689212e+31,,25.244185299961828
9.49422695201227,127.01470318844841,5.064209556828317,5.312477623738459,4.659642192955568,123.90592290819205,119.80487750816438,3,1,candidate,72.0495443910932,2,2500,2.4536205572004617e+31,,25.240331599954516
10.96608882018997,122.33215372605889,6.140762106341265,6.321564907003784,6.418526573374629,131.71869441093145,124.51694528499075,3,2,candidate,72.58636069608613,11,2500,2.9196273547011635e+31,,26.042633699951693
13.891322907834997,125.20517358834057,3.9499387406321875,8.558803320320182,7.728821212661694,136.0493953809896,121.1413918224649,3,3,candidate,72.43436234829923,8,2500,3.8316434183310686e+31,,25.077957100002095
2.064742075385753,131.51602582417814,3.559611144174789,6.698932819414433,6.991415379443611,128.62012591110252,131.02414580248973,3,4,candidate,72.33239569323685,7,2500,1.810267063343077e+31,,16.961691400036216
0.3177906225481144,116.96568164715457,4.00032998400575,5.2583537289271955,4.697050838444859,124.16370732088205,122.37279115341406,3,5,candidate,71.93893584435331,1,2500,2.3497978873127045e+31,,14.083762599970214
3.874038034530222,127.50328264074561,4.484554336017881,7.034980304008559,7.141943013872291,125.9768208971089,123.50345073604257,3,6,candidate,71.76768557255119,0,2500,1.625259584652011e+31,,14.407194399973378
13.891322907834997,125.94968278377813,6.140762106341265,7.7671453963961055,8.722224288311022,130.42798712891044,134.80185008527806,3,7,candidate,72.27902962249458,5,2500,2.5372569621736585e+31,,14.20168289996218
6.409781440639728,131.28433996061887,5.248758796579177,5.423011362955065,5.940548444571517,114.39837654641735,123.28372786151506,3,8,candidate,72.54308697543512,9,2500,2.932908432092361e+31,,14.520675700041465
3.784328664956527,126.19319400940168,3.824365777522809,6.472941487762041,6.804492116396507,132.29526975015278,131.62804337078634,3,9,candidate,72.20971978260546,3,2500,1.8764674053679298e+31,,14.001315800007433
11.76437110974118,116.96568164715457,4.596686528768602,6.727228734645762,7.782008514364949,120.66617583415092,115.08117885350671,3,10,candidate,72.21029289244281,4,2500,2.297727532491122e+31,,14.923515400034375
1.443889165227516,138.96568164715455,4.41581316983058,6.246967856258682,5.138327430736547,127.59916715031632,121.26625235507629,3,11,candidate,72.5869656537912,12,2500,3.017139776961448e+31,,19.69122239993885
13.891322907834997,131.7114510700892,6.140762106341265,5.839067332616912,5.66597873279652,130.69629153874948,134.80185008527806,3,12,candidate,72.64442180607648,13,2500,2.6788174994443533e+31,,27.397421800065786
4.3137692621422135,134.71926215367824,5.180169292386601,9.462961927295432,8.528789238728919,133.76811163620783,125.84609241706703,3,13,candidate,72.55125979202579,10,2500,2.65499949326984e+31,,28.429141800035723
2.7674572931564967,129.38900804386705,7.536447915573183,14.152619424633867,16.00137722344262,124.09235206255049,123.40287977652572,4,-1,centre,72.02251446852914,-1,2500,1.9316549498824407e+31,,18.438562999945134
0.7816720530333248,129.26093225300346,8.081326426050378,17.188359057071647,16.174307123571914,135.0923520625505,126.99186063602401,4,0,candidate,72.19268960552337,4,2500,2.4781850100753765e+31,,15.722916599945165
8.254424198223852,118.38900804386705,7.621913176937213,12.46433478282475,13.081522276926817,123.56202964266903,121.50055332427804,4,1,candidate,72.22634681215219,5,2500,2.8104815839676682e+31,,16.158575899899006
4.150024360850478,125.7420676827374,7.409056913796291,13.678891117300745,15.80863473330259,121.25549800538326,128.350083367065,4,2,candidate,72.88786472748053,20,2500,2.052102097020031e+31,,15.978935900027864
4.516378263111885,140.38900804386705,7.3621974208718095,13.663106945339731,12.60137722344262,128.98204199219953,122.32071191329628,4,3,candidate,72.71858419933463,17,2500,4.867075031289406e+31,,15.662175999954343
3.9939176438377824,132.89541177321018,8.936447915573183,14.442707088835181,13.63980681453692,131.09307449332456,112.40287977652572,4,4,candidate,72.8255604445743,19,2500,3.9904286048723427e+31,,15.292243900010362
1.5720083507673352,125.5238792556268,8.04033978572026,15.556749509145904,12.606011482853209,117.82307107388613,124.9689180483782,4,5,candidate,71.95974733103145,0,2500,2.6416071887998776e+31,,15.613471299991943
4.125693934353873,120.45937177157228,6.136447915573183,13.631309467734303,14.706600046191843,125.46735314977651,117.27760596647097,4,6,candidate,72.65640267735334,16,2500,2.534540751642192e+31,,15.938232899992727
2.4242879928812204,124.70397357765493,7.936576421521394,15.726932172813585,16.535270152735958,122.83353493817334,128.31020966619738,4,7,candidate,72.32684716847884,10,2500,2.367332039862081e+31,,15.586461000028066
0.8182264531684125,140.38900804386705,8.679136851581468,15.143951702089103,12.60137722344262,121.07443440068526,134.4028797765257,4,8,candidate,73.763056210344,22,2500,4.802064549936502e+31,,14.745228999992833
5.804854179713775,130.70268728166894,7.325134787035998,17.552619424633868,16.15404380687202,129.35001518655994,119.5958456278475,4,9,candidate,72.24738683285462,6,2500,2.4926269015365565e+31,,15.406551400083117
10.206510352550975,126.36926055719825,6.873632729125911,17.552619424633868,16.511580497418365,129.96370397048767,123.13554164535824,4,10,candidate,72.29566915787285,9,2500,2.3646700101660755e+31,,16.11652620008681
5.671664300101177,118.38900804386705,6.718349128121998,13.311516705947751,14.170987368193984,123.78676081242554,127.01850538839419,4,11,candidate,72.51892865119271,14,2500,2.7718870093248027e+31,,28.857347100041807
11.54327674939897,134.11721051183176,6.98787863344986,15.97501544921801,16.983517550736746,123.71932053598721,126.18291916708773,4,12,candidate,72.50824143734803,12,2500,4.970813181394786e+31,,15.364977399935015
11.452756335762956,121.74118709253592,8.936447915573183,14.04223016307002,15.240004766684274,127.26623920303219,122.18654494663564,4,13,candidate,72.51280794806708,13,2500,2.064801344424956e+31,,16.183571100002155
0.6808268966901081,132.78287337624877,7.3801575908273795,16.989704077136626,16.64095422057268,131.79045409617987,128.3396039046063,4,14,candidate,72.07452307323949,1,2500,2.3025076998648204e+31,,15.591363999992609
4.385900043755361,131.2023248483524,7.251012052834271,16.93689253260701,15.531139304959082,129.61108150089893,119.34693780050853,4,15,candidate,72.28061329482306,8,2500,2.720958427973954e+31,,15.783441599924117
9.3516087611412,130.65731655418395,6.136447915573183,16.57032660355336,17.3804472296363,131.525395000571,126.74237981760739,4,16,candidate,72.27814568955756,7,2500,2.5490745776505513e+31,,16.4212344000116
12.767457293156497,130.84966670844065,6.678087672714783,14.825467894740013,16.0024572442513,125.41199261547469,131.66933325334992,4,17,candidate,72.65120785216253,15,2500,2.2043324456993797e+31,,15.032224300084636
5.217231199301535,128.39159136257004,7.1492878460156755,14.579379803880457,16.918556759272207,131.90746650845279,121.18346472042109,4,18,candidate,72.34905766123357,11,2500,2.4238375275336972e+31,,16.841917699901387
3.4380986623543635,126.3611269703057,6.823779901386392,14.196672487140987,12.60137722344262,113.09235206255049,123.86595550749247,4,19,candidate,72.18525631528934,3,2500,2.2968354384198803e+31,,16.24706900003366
5.639802495884011,140.38900804386705,7.924254543593081,15.863804094947172,17.53885985944151,117.63753957879679,134.4028797765257,4,20,candidate,73.09670428774398,21,2500,6.176961014046968e+31,,15.449529299978167
4.184080454054229,133.7015645513669,6.79031048097501,17.552619424633868,16.112466179106878,121.35680420733458,126.51036971102253,4,21,candidate,72.73250372557851,18,2500,2.9715883408310294e+31,,15.844438100000843
1.2635430234670442,122.33751167294356,6.136447915573183,14.688153913855103,16.528158891794714,135.0923520625505,133.32012168236588,4,22,candidate,72.14756941019013,2,2500,2.9602311627914547e+31,,16.090236100018956
